id,value
oboyle-mikey,13
oboyle-mikey.auxa,17
oboyle-mikey.dowlind1,12
oboyle-mikey.Finnegr1,8
oboyle-mikey.yitpin96,10
oboyle-mikey.ecclesg,12
oboyle-mikey.connold9,9
oboyle-mikey.conorwallace,11
oboyle-mikey.skeher,11
oboyle-mikey.fionawolfe,10
oboyle-mikey.osullr,11
oboyle-mikey.flynnn5,8
oboyle-mikey.sorchaobyrne,10
oboyle-mikey.eljoyce,8
oboyle-mikey.auxa.dariota,38
oboyle-mikey.auxa.ocarrose,8
oboyle-mikey.auxa.huntfe,6
oboyle-mikey.auxa.scolardf,8
oboyle-mikey.auxa.rorygoodman,10
oboyle-mikey.auxa.nating,41
oboyle-mikey.auxa.AndyG198787,11
oboyle-mikey.auxa.callumduffy,5
oboyle-mikey.auxa.Crowgers,33
oboyle-mikey.auxa.PatrickOBoyle,50
oboyle-mikey.auxa.kevmor123,6
oboyle-mikey.auxa.oboylemi,0
oboyle-mikey.auxa.eljoyce,8
oboyle-mikey.auxa.teefyl,3
oboyle-mikey.auxa.connold9,9
oboyle-mikey.auxa.sorchaobyrne,10
oboyle-mikey.dowlind1.eljoyce,8
oboyle-mikey.dowlind1.Finnegr1,8
oboyle-mikey.dowlind1.ecclesg,12
oboyle-mikey.dowlind1.skeher,11
oboyle-mikey.dowlind1.fionawolfe,10
oboyle-mikey.dowlind1.osullr,11
oboyle-mikey.dowlind1.yitpin96,10
oboyle-mikey.dowlind1.conorwallace,11
oboyle-mikey.dowlind1.flynnn5,8
oboyle-mikey.dowlind1.connold9,9
oboyle-mikey.dowlind1.sorchaobyrne,10
oboyle-mikey.Finnegr1.dowlind1,12
oboyle-mikey.Finnegr1.connold9,9
oboyle-mikey.Finnegr1.ecclesg,12
oboyle-mikey.Finnegr1.conorwallace,11
oboyle-mikey.Finnegr1.osullr,11
oboyle-mikey.Finnegr1.eljoyce,8
oboyle-mikey.Finnegr1.sorchaobyrne,10
oboyle-mikey.yitpin96.dowlind1,12
oboyle-mikey.yitpin96.ecclesg,12
oboyle-mikey.yitpin96.skeher,11
oboyle-mikey.yitpin96.osullr,11
oboyle-mikey.yitpin96.flynnn5,8
oboyle-mikey.yitpin96.DeeganR,6
oboyle-mikey.yitpin96.conorwallace,11
oboyle-mikey.yitpin96.sorchaobyrne,10
oboyle-mikey.yitpin96.kellya72,2
oboyle-mikey.ecclesg.Finnegr1,8
oboyle-mikey.ecclesg.connold9,9
oboyle-mikey.ecclesg.conorwallace,11
oboyle-mikey.ecclesg.dowlind1,12
oboyle-mikey.ecclesg.skeher,11
oboyle-mikey.ecclesg.fionawolfe,10
oboyle-mikey.ecclesg.osullr,11
oboyle-mikey.ecclesg.eljoyce,8
oboyle-mikey.ecclesg.yitpin96,10
oboyle-mikey.ecclesg.flynnn5,8
oboyle-mikey.ecclesg.sorchaobyrne,10
oboyle-mikey.connold9.Finnegr1,8
oboyle-mikey.connold9.ecclesg,12
oboyle-mikey.connold9.conorwallace,11
oboyle-mikey.connold9.dowlind1,12
oboyle-mikey.connold9.osullr,11
oboyle-mikey.connold9.flynnn5,8
oboyle-mikey.connold9.sorchaobyrne,10
oboyle-mikey.connold9.eljoyce,8
oboyle-mikey.conorwallace.connold9,9
oboyle-mikey.conorwallace.Finnegr1,8
oboyle-mikey.conorwallace.ecclesg,12
oboyle-mikey.conorwallace.dowlind1,12
oboyle-mikey.conorwallace.osullr,11
oboyle-mikey.conorwallace.flynnn5,8
oboyle-mikey.conorwallace.fionawolfe,10
oboyle-mikey.conorwallace.sorchaobyrne,10
oboyle-mikey.conorwallace.eljoyce,8
oboyle-mikey.conorwallace.kiliancarolan,1
oboyle-mikey.skeher.dowlind1,12
oboyle-mikey.skeher.fionawolfe,10
oboyle-mikey.skeher.osullr,11
oboyle-mikey.skeher.ecclesg,12
oboyle-mikey.skeher.yitpin96,10
oboyle-mikey.skeher.flynnn5,8
oboyle-mikey.skeher.DeeganR,6
oboyle-mikey.skeher.conorwallace,11
oboyle-mikey.skeher.sorchaobyrne,10
oboyle-mikey.skeher.creavyd,2
oboyle-mikey.fionawolfe.osullr,11
oboyle-mikey.fionawolfe.ecclesg,12
oboyle-mikey.fionawolfe.RoisinM,3
oboyle-mikey.fionawolfe.dowlind1,12
oboyle-mikey.fionawolfe.eljoyce,8
oboyle-mikey.fionawolfe.skeher,11
oboyle-mikey.fionawolfe.flynnn5,8
oboyle-mikey.fionawolfe.conorwallace,11
oboyle-mikey.fionawolfe.sorchaobyrne,10
oboyle-mikey.osullr.fionawolfe,10
oboyle-mikey.osullr.ecclesg,12
oboyle-mikey.osullr.dowlind1,12
oboyle-mikey.osullr.eljoyce,8
oboyle-mikey.osullr.yitpin96,10
oboyle-mikey.osullr.conorwallace,11
oboyle-mikey.osullr.connold9,9
oboyle-mikey.osullr.Finnegr1,8
oboyle-mikey.osullr.RoisinM,3
oboyle-mikey.osullr.sorchaobyrne,10
oboyle-mikey.flynnn5.skeher,11
oboyle-mikey.flynnn5.connold9,9
oboyle-mikey.flynnn5.dowlind1,12
oboyle-mikey.flynnn5.fionawolfe,10
oboyle-mikey.flynnn5.conorwallace,11
oboyle-mikey.flynnn5.sorchaobyrne,10
oboyle-mikey.flynnn5.creavyd,2
oboyle-mikey.sorchaobyrne.flynnn5,8
oboyle-mikey.sorchaobyrne.dowlind1,12
oboyle-mikey.sorchaobyrne.DeeganR,6
oboyle-mikey.sorchaobyrne.fionawolfe,10
oboyle-mikey.sorchaobyrne.eljoyce,8
oboyle-mikey.sorchaobyrne.skeher,11
oboyle-mikey.sorchaobyrne.bobbymcgonigle,5
oboyle-mikey.sorchaobyrne.connold9,9
oboyle-mikey.sorchaobyrne.conorwallace,11
oboyle-mikey.sorchaobyrne.kellya72,2
oboyle-mikey.eljoyce.dowlind1,12
oboyle-mikey.eljoyce.Finnegr1,8
oboyle-mikey.eljoyce.ecclesg,12
oboyle-mikey.eljoyce.fionawolfe,10
oboyle-mikey.eljoyce.osullr,11
oboyle-mikey.eljoyce.conorwallace,11
oboyle-mikey.eljoyce.sorchaobyrne,10
oboyle-mikey.eljoyce.connold9,9