name,parent
oboyle-mikey,oboyle-mikey
auxa,oboyle-mikey
dowlind1,oboyle-mikey
Finnegr1,oboyle-mikey
yitpin96,oboyle-mikey
ecclesg,oboyle-mikey
connold9,oboyle-mikey
conorwallace,oboyle-mikey
skeher,oboyle-mikey
fionawolfe,oboyle-mikey
osullr,oboyle-mikey
flynnn5,oboyle-mikey
sorchaobyrne,oboyle-mikey
eljoyce,oboyle-mikey
dariota,auxa
ocarrose,auxa
huntfe,auxa
scolardf,auxa
rorygoodman,auxa
nating,auxa
AndyG198787,auxa
callumduffy,auxa
Crowgers,auxa
PatrickOBoyle,auxa
kevmor123,auxa
oboylemi,auxa
teefyl,auxa
DeeganR,yitpin96
kellya72,yitpin96